book_id,title,authors,source_url,cluster_id,institutions,produced_period,analyzes_periods,tags,confidence,status,provenance,curator,curated_at,notes
bk_000001,The Death of Scripture and Rise of Biblical Studies,Michael Legaspi,https://www.amazon.com/Scripture-Biblical-Studies-Historical-Theology/dp/0199845883,cl_scripture_method,inst_church|inst_academy,p_postmodern,,,0.55,review,ai,gpt,2026-01-08,
bk_000002,Politicizing the Bible,Scott Hahn & Benjamin Wiker,https://www.amazon.com/Politicizing-Bible-Historical-Criticism-Secularization/dp/0824599039,cl_phil_political_theology,inst_academy|inst_state,p_postmodern,,,0.55,review,ai,gpt,2026-01-08,
bk_000003,Gregory Palamas and the Making of Palamism in the Modern Age,Norman Russell,https://www.amazon.com/Palamism-Changing-Paradigms-Historical-Systematic/dp/0199644640,cl_byz_theo,inst_church|inst_academy,p_postmodern,p_byzantine,,0.65,review,ai,gpt,2026-01-08,
bk_000004,St. Cyril of Alexandria and the Christological Controversy,John McGuckin,https://www.amazon.com/Saint-Cyril-Alexandria-Christological-Controversy/dp/0881418633,cl_phil_political_theology,inst_academy|inst_state,p_postmodern,,,0.55,review,ai,gpt,2026-01-08,
bk_000005,The Formation of the Christian Biblical Canon,Lee McDonald,https://www.amazon.com/Formation-Christian-Biblical-Canon/dp/1565630521,cl_scripture_method,inst_church|inst_academy,p_postmodern,,,0.55,review,ai,gpt,2026-01-08,
bk_000006,Paideia - The Ideals of Greek Culture (Volume I-III),Werner Jaeger,https://www.amazon.com/Paideia-Ideals-Culture-Archaic-Greece/dp/0195004256,cl_classical_antiquity,inst_academy|inst_culture,p_patristic,p_patristic,,0.55,review,ai,gpt,2026-01-08,
bk_000007,On the Holy Spirit,St. Basil the Great,https://www.amazon.com/Holy-Spirit-Basil-Popular-Patristics/dp/0881418765,cl_patristics_dogma,inst_church|inst_academy,p_patristic,p_patristic,,0.55,review,ai,gpt,2026-01-08,
bk_000008,On the Cosmic Mystery of Jesus Christ,St. Maximus the Confessor,https://www.amazon.com/Cosmic-Mystery-Jesus-Christ/dp/088141249X/ref=pd_lpo_d_sccl_3/141-6886153-2764166?pd_rd_w=CppCh&content-id=amzn1.sym.4c8c52db-06f8-4e42-8e56-912796f2ea6c&pf_rd_p=4c8c52db-06f8-4e42-8e56-912796f2ea6c&pf_rd_r=DMT3DTR3KDMPRFNSVAFQ&pd_rd_wg=YKsmM&pd_rd_r=b1a9f31e-fc7a-43d3-ab09-46b9dea18573&pd_rd_i=088141249X&psc=1,cl_patristics_dogma,inst_church|inst_academy,p_patristic,p_patristic,,0.55,review,ai,gpt,2026-01-08,
bk_000009,In the Image and Likeness of God,Vladimir Lossky,https://www.amazon.com/Image-Likeness-God-English-French/dp/0913836133,cl_phil_political_theology,inst_academy|inst_state,p_postmodern,,,0.55,review,ai,gpt,2026-01-08,
bk_000010,Unseen Warfare,,https://www.amazon.com/Unseen-Warfare-Spiritual-Paradise-Lorenzo/dp/0913836524,cl_phil_political_theology,inst_academy|inst_state,p_postmodern,,,0.55,review,ai,gpt,2026-01-08,
bk_000011,Orthodox Witness Concerning Catholicism,,https://uncutmountainpress.com/products/the-orthodox-patristic-witness-concerning-catholicism,cl_church_history_schism,inst_church|inst_academy,p_postmodern,p_byzantine|p_early_modern,,0.55,review,ai,gpt,2026-01-08,
bk_000012,The Mystagogy of the Holy Spirit,St Photios,https://www.amazon.com/Mystagogy-Holy-Spirit-Fathers-church/dp/091658688X,cl_patristics_dogma,inst_church|inst_academy,p_patristic,p_patristic,,0.55,review,ai,gpt,2026-01-08,
bk_000013,Dialogue Between an Orthodox and a Barlaamite,St. Gregory Palamas,https://sunypress.edu/Books/D/Dialogue-Between-an-Orthodox-and-a-Barlaamite,cl_patristics_dogma,inst_church|inst_academy,p_patristic,p_patristic,,0.55,review,ai,gpt,2026-01-08,
bk_000014,On the Procession of the Holy Spirit,St. Gregory Palamas,https://www.amazon.com/Apodictic-Treatises-Procession-Holy-Spirit/dp/1639410090,cl_patristics_dogma,inst_church|inst_academy,p_patristic,p_patristic,,0.55,review,ai,gpt,2026-01-08,
bk_000015,On the Holy Icons,St. Theodore the Studite,https://svspress.com/on-the-holy-icons-st-theodore-the-studite/?srsltid=AfmBOoqvXmKfEVwdgm7dJSpQFg2tRJzUQ-_muXYJ3OsGGbSUxI4NQvE6,cl_liturgy_icons,inst_church|inst_academy,p_patristic,,,0.55,review,ai,gpt,2026-01-08,
bk_000016,The Conferences of John Cassian,,https://www.amazon.com/Conferences-John-Cassian/dp/0738829331,cl_phil_political_theology,inst_academy|inst_state,p_postmodern,,,0.55,review,ai,gpt,2026-01-08,
bk_000017,The Lord of the Rings,JRR Tolkien,https://www.amazon.com/Lord-Rings-J-R-R-Tolkien/dp/0544003411,cl_phil_political_theology,inst_academy|inst_state,p_postmodern,,,0.55,review,ai,gpt,2026-01-08,
bk_000018,The Eschatalogical Visions of the Blessed,,https://www.amazon.com/Eschatological-Visions-Blessed-Prophecies-Orthodox/dp/B0CVNRD9RY,cl_phil_political_theology,inst_academy|inst_state,p_postmodern,,,0.55,review,ai,gpt,2026-01-08,
bk_000019,Deification and Christ,Panyiotis Nellas,https://www.amazon.com/Deification-Christ-Perspectives-Contemporary-Theologians/dp/0881410306,cl_byz_theo,inst_church|inst_academy,p_postmodern,p_byzantine,,0.65,review,ai,gpt,2026-01-08,
bk_000020,The Great Divorce,CS Lewis,https://www.amazon.com/Great-Divorce-C-S-Lewis/dp/0060652950,cl_phil_political_theology,inst_academy|inst_state,p_postmodern,,,0.55,review,ai,gpt,2026-01-08,
bk_000021,These Truths We Hold,St. Tikhon’s Monastery,https://www.amazon.com/These-Truths-Hold-Tikhons-Monastery/dp/1878997327,cl_patristics_dogma,inst_church|inst_academy,p_patristic,p_patristic,,0.55,review,ai,gpt,2026-01-08,
bk_000022,No faith is more beautiful than the Christian Faith,Sebastian Press,https://sebastianpress.org/no-faith-is-more-beautiful-than-the-christian-faith/,cl_phil_political_theology,inst_academy|inst_state,p_postmodern,,,0.55,review,ai,gpt,2026-01-08,
bk_000023,"Byzantine Theology, historical trends & doctrinal themes",John Meyendorff,https://www.amazon.com/Byzantine-Theology-Historical-Trends-Doctrinal/dp/0823209679,cl_phil_political_theology,inst_academy|inst_state,p_byzantine,,,0.55,review,ai,gpt,2026-01-08,
bk_000024,Orthodox Faith and Life in Christ,Fr. Justin Popovich,https://www.amazon.com/Orthodox-Faith-Christ-Justin-Popovich/dp/1884729029,cl_phil_political_theology,inst_academy|inst_state,p_postmodern,,,0.55,review,ai,gpt,2026-01-08,
bk_000025,Christianity and Classical Culture,Jaroslav Pelikan,https://www.amazon.com/Christianity-Classical-Culture-Metamorphosis-Christian/dp/0300062559,cl_classical_antiquity,inst_academy|inst_culture,p_postmodern,p_patristic,,0.55,review,ai,gpt,2026-01-08,
bk_000026,Aristotle East and West: Metaphysics and the Division of Christendom,David Bradshaw,https://www.amazon.com/Aristotle-East-West-Bradshaw/dp/0521035562/ref=tmm_pap_swatch_0,cl_classical_antiquity,inst_academy|inst_culture,p_postmodern,p_patristic,,0.55,review,ai,gpt,2026-01-08,
bk_000027,The Sedevancantist Delusion,John C. Pontrello,https://www.amazon.com/Sedevacantist-Delusion-Sedevacantism-Supports-Orthodoxy/dp/1511768746,cl_phil_political_theology,inst_academy|inst_state,p_postmodern,,,0.55,review,ai,gpt,2026-01-08,
bk_000028,"The Filioque, History of a Doctrinal Controversy",Edward Siecienski,https://www.amazon.com/Filioque-Doctrinal-Controversy-Historical-Theology/dp/0195372042,cl_church_history_schism,inst_church|inst_academy,p_postmodern,p_byzantine|p_early_modern,,0.55,review,ai,gpt,2026-01-08,
bk_000029,"The Papacy and the Orthodox, Sources and History of a Debate",Edward Siecienski,https://www.amazon.com/Papacy-Orthodox-Sources-Historical-Theology/dp/0190245255,cl_church_history_schism,inst_church|inst_academy,p_postmodern,p_byzantine|p_early_modern,,0.55,review,ai,gpt,2026-01-08,
bk_000030,The Saving Works of Christ Sermons,Gregory Palamas,https://www.amazon.com/Saving-Work-Christ-Sermons-Gregory/dp/0977498352,cl_phil_political_theology,inst_academy|inst_state,p_byzantine,,,0.55,review,ai,gpt,2026-01-08,
bk_000031,The Triads,Gregory Palamas,https://www.amazon.com/Gregory-Palamas-Classics-Western-Spirituality/dp/0809124475,cl_byz_theo,inst_church|inst_academy,p_byzantine,p_byzantine,,0.65,review,ai,gpt,2026-01-08,
bk_000032,The Church and the Pope: Case for Orthodoxy,Robert Spencer,https://www.amazon.com/Church-Pope-Case-Orthodoxy/dp/1639410058,cl_phil_political_theology,inst_academy|inst_state,p_postmodern,,,0.55,review,ai,gpt,2026-01-08,
bk_000033,"Orthodox Dogmatic Theology, The Experience of God (Multiple Volumes)",Dumitru Staniloae,https://www.amazon.com/Orthodox-Dogmatic-Theology-Experience-Revelation/dp/0917651707,cl_phil_political_theology,inst_academy|inst_state,p_postmodern,,,0.55,review,ai,gpt,2026-01-08,
bk_000034,Theology and the Church,Dumitru Staniloae,https://www.amazon.com/Theology-Church-English-Dumitru-Staniloae/dp/0913836699,cl_phil_political_theology,inst_academy|inst_state,p_postmodern,,,0.55,review,ai,gpt,2026-01-08,
bk_000035,City of God,St. Augustine,https://www.amazon.com/City-God-Image-Classics-Augustine/dp/0385029101,cl_patristics_dogma,inst_church|inst_academy,p_patristic,p_patristic,,0.55,review,ai,gpt,2026-01-08,
bk_000036,On the Trinity,St. Augustine,https://www.amazon.com/Trinity-Augustine-Hippo/dp/1490421386,cl_patristics_dogma,inst_church|inst_academy,p_patristic,p_patristic,,0.55,review,ai,gpt,2026-01-08,
bk_000037,The Name of the Rose,Umberto Eco,https://www.amazon.com/Name-Rose-Umberto-Eco/dp/0544176561,cl_phil_political_theology,inst_academy|inst_state,p_postmodern,,,0.55,review,ai,gpt,2026-01-08,
bk_000038,The Photian Schism,Francis Dvornik,https://www.amazon.com/Photian-schism-History-legend/dp/B0007IXZH0,cl_church_history_schism,inst_church|inst_academy,p_postmodern,p_byzantine|p_early_modern,,0.55,review,ai,gpt,2026-01-08,
bk_000039,"Two Paths, Papal Monarchy - Collegial Tradition",Michael Whelton,https://www.amazon.com/Two-Paths-Monarchy-Collegial-Tradition/dp/0964914158,cl_phil_political_theology,inst_academy|inst_state,p_postmodern,,,0.55,review,ai,gpt,2026-01-08,
bk_000040,"Volumes (1,2,3,4)",God History and Dialectic,https://www.amazon.com/God-History-Dialectic-Foundation-Europe/dp/B076YNRPTT,cl_phil_political_theology,inst_academy|inst_state,p_postmodern,,,0.55,review,ai,gpt,2026-01-08,
bk_000041,Epistemology,Bonjour,https://www.amazon.com/Epistemology-Problems-Contemporary-Responses-Philosophy/dp/0742564193,cl_phil_modern,inst_academy,p_postmodern,,,0.55,review,ai,gpt,2026-01-08,
bk_000042,Meltdown,Thomas Woods,https://www.amazon.com/Meltdown-Free-Market-Collapsed-Government-Bailouts/dp/1596985879,cl_political_economy,inst_economy|inst_state,p_postmodern,,,0.55,review,ai,gpt,2026-01-08,
bk_000043,The Milner-Fabian Conspiracy,Iona Ratiu,https://www.amazon.com/stores/author/B00LW17D1K?ccs_id=bab04cad-3d30-4bf5-b84c-a10964253bb3,cl_elites_networks,inst_state|inst_economy|inst_security,p_postmodern,p_industrial|p_coldwar|p_postmodern,,0.65,review,ai,gpt,2026-01-08,
bk_000044,Fire in the Minds of Men,James Billington,https://www.amazon.com/Fire-Minds-Men-Origins-Revolutionary/dp/0765804719,cl_science_faith,inst_academy|inst_tech,p_postmodern,,,0.55,review,ai,gpt,2026-01-08,
bk_000045,Theory and Practice,Habermas,https://www.amazon.com/Theory-Practice-Juergen-Habermas/dp/080701527X,cl_phil_political_theology,inst_academy|inst_state,p_postmodern,,,0.55,review,ai,gpt,2026-01-08,
bk_000046,Dialectic of Enlightenment,Mac Horkheimer,https://www.amazon.com/Dialectic-Enlightenment-Cultural-Memory-Present/dp/0804736332,cl_phil_modern,inst_academy,p_postmodern,,,0.55,review,ai,gpt,2026-01-08,
bk_000047,Perfectibilists,Terry Melanson,https://www.amazon.com/Perfectibilists-Bavarian-Illuminati-Melanson-2008-09-10/dp/B019TLW9Y0,cl_phil_political_theology,inst_academy|inst_state,p_postmodern,,,0.55,review,ai,gpt,2026-01-08,
bk_000048,Anglo-American Establishment,Carroll Quigley,https://www.amazon.com/Anglo-American-Establishment-Carroll-Quigley/dp/0945001010,cl_elites_networks,inst_state|inst_economy|inst_security,p_postmodern,p_industrial|p_coldwar|p_postmodern,,0.65,review,ai,gpt,2026-01-08,
bk_000049,Between Two Ages,Zbigniew Brzezinski,https://www.amazon.com/Between-Two-Ages-Americas-Technetronic/dp/0670003182/ref=tmm_pap_swatch_0,cl_phil_political_theology,inst_academy|inst_state,p_postmodern,,,0.55,review,ai,gpt,2026-01-08,
bk_000050,Memoirs,David Rockefeller,https://www.amazon.com/Memoirs-David-Rockefeller/dp/0812969731,cl_phil_political_theology,inst_academy|inst_state,p_postmodern,,,0.55,review,ai,gpt,2026-01-08,
bk_000051,Authorized Biography of the Rockefellers,Collier & Horowitz,https://www.amazon.com/Rockefellers-American-Dynasty-Peter-Collier/dp/0030083710,cl_elites_networks,inst_state|inst_economy|inst_security,p_postmodern,p_industrial|p_coldwar|p_postmodern,,0.65,review,ai,gpt,2026-01-08,
bk_000052,Philosophy of UNESCO,Julian Huxley,https://www.amazon.com/UNESCO-Purpose-Philosophy-Julian-Huxley/dp/1906267014,cl_phil_political_theology,inst_academy|inst_state,p_postmodern,,,0.55,review,ai,gpt,2026-01-08,
bk_000053,On Living in a Revolution,Julian Huxley,https://www.amazon.com/living-revolution-Julian-Huxley/dp/B0007ITJJI,cl_evolution_design,inst_academy,p_postmodern,,,0.65,review,ai,gpt,2026-01-08,
bk_000054,Wall Street & Bolsheviks,Dr. Antony Sutton,https://www.amazon.com/Wall-Street-Bolshevik-Revolution-Capitalists/dp/190557035X,cl_phil_political_theology,inst_academy|inst_state,p_postmodern,,,0.55,review,ai,gpt,2026-01-08,
bk_000055,Ghost in the Machine,Arthur Koestler,https://www.amazon.com/Ghost-Machine-Arthur-Koestler/dp/1939438349,cl_modernity_critique,inst_culture|inst_academy|inst_tech,p_postmodern,,,0.55,review,ai,gpt,2026-01-08,
bk_000056,Grand Chessboard,Zgibniew Brezinski,https://www.amazon.com/Grand-Chessboard-American-Geostrategic-Imperatives/dp/0465027261,cl_phil_political_theology,inst_academy|inst_state,p_postmodern,,,0.55,review,ai,gpt,2026-01-08,
bk_000057,New World Order,HG Wells,https://www.amazon.com/New-World-Order-H-Wells/dp/1592327559,cl_phil_political_theology,inst_academy|inst_state,p_postmodern,,,0.55,review,ai,gpt,2026-01-08,
bk_000058,The Open Conspiracy,HG Wells,https://www.amazon.com/Open-Conspiracy-What-Are-Lives/dp/1585092754,cl_phil_political_theology,inst_academy|inst_state,p_postmodern,,,0.55,review,ai,gpt,2026-01-08,
bk_000059,Scientific Outlook,Bertrand Russell,https://www.amazon.com/Scientific-Outlook-Routledge-Classics-26/dp/0415474620,cl_phil_political_theology,inst_academy|inst_state,p_postmodern,,,0.55,review,ai,gpt,2026-01-08,
bk_000060,Survival of the Wisest,Jonas Salk,https://www.amazon.com/Survival-Wisest-Jonas-Salk/dp/006013738X,cl_phil_political_theology,inst_academy|inst_state,p_postmodern,,,0.55,review,ai,gpt,2026-01-08,
bk_000061,Programming and Metaprogramming in the Human Biocomputer,Dr. John C Lilly,https://www.amazon.com/Programming-Metaprogramming-Human-Biocomputer-Experiments/dp/0692217894,cl_phil_political_theology,inst_academy|inst_state,p_postmodern,,,0.55,review,ai,gpt,2026-01-08,
bk_000062,Autobiography,John C Lily,https://www.amazon.com/Scientist-Metaphysical-Autobiography-John-Lilly/dp/0914171720,cl_phil_political_theology,inst_academy|inst_state,p_postmodern,,,0.55,review,ai,gpt,2026-01-08,
bk_000063,The Phoenix Program,Douglas Valentine,https://www.amazon.com/Phoenix-Program-Douglas-Valentine/dp/1504032888,cl_geopolitics_intel,inst_state|inst_security,p_coldwar,p_industrial|p_coldwar|p_postmodern,,0.65,review,ai,gpt,2026-01-08,
bk_000064,Turning Point,Fritjof Capra,https://www.amazon.com/Turning-Point-Science-Society-Culture/dp/0553345729,cl_phil_political_theology,inst_academy|inst_state,p_postmodern,,,0.55,review,ai,gpt,2026-01-08,
bk_000065,Game of Nations,Miles Copeland,https://www.amazon.com/Game-Nations-Amorality-Power-Politics/dp/0671205323,cl_geopolitics_intel,inst_state|inst_security,p_postmodern,p_industrial|p_coldwar|p_postmodern,,0.65,review,ai,gpt,2026-01-08,
bk_000066,Fourth Industrial Revolution,Klaus Schwab,https://www.amazon.com/Fourth-Industrial-Revolution-Klaus-Schwab/dp/1524758868,cl_evolution_design,inst_academy,p_postmodern,,,0.65,review,ai,gpt,2026-01-08,
bk_000067,Soldiers of Reason,The Rand Corporation,https://www.amazon.com/Soldiers-Reason-Corporation-American-Empire/dp/0156033445,cl_phil_political_theology,inst_academy|inst_state,p_postmodern,,,0.55,review,ai,gpt,2026-01-08,
bk_000068,"Pentagons Brain, DARPA History",Annie Jacobsen,https://www.amazon.com/Pentagons-Brain-Uncensored-Americas-Top-Secret/dp/0316371661,cl_geopolitics_intel,inst_state|inst_security,p_coldwar,p_industrial|p_coldwar|p_postmodern,,0.65,review,ai,gpt,2026-01-08,
bk_000069,Psychological Warfare and the New World Order,Servando Gonzales,https://www.amazon.com/Psychological-Warfare-New-World-Order/dp/B015X4YBKC/ref=sr_1_2?dib=eyJ2IjoiMSJ9.2ix3BBDZxcF5oei1JOUdX68-SdCklPGJDIyxNapmPYUaiRsbRh5FYHNW05-n8TAxfY_Jz-3md_9Jgx4awzA7j3QoTVfQfEp5I-VaDNT0YkLJ2tBxuR-rh2t0Qp0CcDg2rMR7o-6-8OWX5F7xONGJXvPj3qBYw_yz8JFsyM3NhXBtmAuCkWy4JIutVXqFg7YL2FAybUF467cQ485GzjgLxcKQKRXL31RInNK30pHeox8.h6KBCVwDwoNQZpbcmlVhoBkwKEWzqfYlHmZQFsnvw3A&dib_tag=se&qid=1742826956&refinements=p_27%3AServando+Gonzalez&s=books&sr=1-2,cl_propaganda_psyops,inst_media|inst_state|inst_security,p_postmodern,p_industrial|p_coldwar|p_postmodern,,0.65,review,ai,gpt,2026-01-08,
bk_000070,Full Spectrum Dominance,William Engdahl,https://www.amazon.com/Full-Spectrum-Dominance-Totalitarian-Democracy/dp/1615776540,cl_phil_political_theology,inst_academy|inst_state,p_postmodern,,,0.55,review,ai,gpt,2026-01-08,
bk_000071,The Lost Hegemon,William Engdahl,https://www.amazon.com/Lost-Hegemon-Whom-would-destroy/dp/3981723708,cl_phil_political_theology,inst_academy|inst_state,p_postmodern,,,0.55,review,ai,gpt,2026-01-08,
bk_000072,Secret Affairs by RIIA Researcher,Mark Curtis,https://www.amazon.com/Secret-Affairs-Britains-Collusion-Radical/dp/1846687640,cl_phil_political_theology,inst_academy|inst_state,p_postmodern,,,0.55,review,ai,gpt,2026-01-08,
bk_000073,Devils Game,Robert Dreyfuss,https://www.amazon.com/Devils-Game-Unleash-Fundamentalist-American/dp/0805076522,cl_geopolitics_intel,inst_state|inst_security,p_postmodern,p_industrial|p_coldwar|p_postmodern,,0.65,review,ai,gpt,2026-01-08,
bk_000074,"invisible History, Afghanistans History",Gould & Fitzgerald,https://www.amazon.com/Invisible-History-Afghanistans-Untold-Story/dp/0872864944,cl_phil_political_theology,inst_academy|inst_state,p_postmodern,,,0.55,review,ai,gpt,2026-01-08,
bk_000075,Propaganda,Edward Bernays,https://www.amazon.com/Propaganda-Edward-Bernays/dp/0970312598,cl_propaganda_psyops,inst_media|inst_state|inst_security,p_postmodern,p_industrial|p_coldwar|p_postmodern,,0.65,review,ai,gpt,2026-01-08,
bk_000076,Weaponizing Anthropology,David Price,https://www.amazon.com/Weaponizing-Anthropology-Science-Militarized-Counterpunch/dp/1849350639,cl_propaganda_psyops,inst_media|inst_state|inst_security,p_postmodern,p_industrial|p_coldwar|p_postmodern,,0.65,review,ai,gpt,2026-01-08,
bk_000077,Brief History of the Future,Jacques Attali,https://www.amazon.com/Brief-History-Future-Controversial-Twenty-First/dp/1611450136,cl_future_tech,inst_tech|inst_state|inst_academy,p_postmodern,,,0.55,review,ai,gpt,2026-01-08,
bk_000078,Doors of Perception,Aldous Huxley,https://www.amazon.com/The-Doors-of-Perception/dp/0099573881/ref=tmm_pap_swatch_0,cl_phil_political_theology,inst_academy|inst_state,p_postmodern,,,0.55,review,ai,gpt,2026-01-08,
bk_000079,Heaven & Hell,Aldous Huxley,https://www.amazon.com/Heaven-Hell-Aldous-Huxley/dp/0060802197,cl_phil_political_theology,inst_academy|inst_state,p_postmodern,,,0.55,review,ai,gpt,2026-01-08,
bk_000080,Aquarian Conspiracy,Marilyn Ferguson,https://www.amazon.com/Aquarian-Conspiracy-Personal-Social-Transformation/dp/0874774586,cl_phil_political_theology,inst_academy|inst_state,p_postmodern,,,0.55,review,ai,gpt,2026-01-08,
bk_000081,Postmodern Imperialism,Eric Walberg,https://www.amazon.com/Postmodern-Imperialism-Geopolitics-Great-Games/dp/098335393X,cl_phil_political_theology,inst_academy|inst_state,p_postmodern,,,0.55,review,ai,gpt,2026-01-08,
bk_000082,The Next Million Years,Charles Galton,https://www.amazon.com/Million-Years-Charles-Galton-Darwin/dp/0837168767,cl_phil_political_theology,inst_academy|inst_state,p_postmodern,,,0.55,review,ai,gpt,2026-01-08,
bk_000083,Impact of Science on Society,Bertrand Russell,https://www.amazon.com/Impact-Science-Society-Bertrand-Russell/dp/B000NZE4VI,cl_phil_political_theology,inst_academy|inst_state,p_postmodern,,,0.55,review,ai,gpt,2026-01-08,
bk_000084,Operation Gladio,Paul WIlliams,https://www.amazon.com/Operation-Gladio-Alliance-between-Vatican/dp/1616149744,cl_geopolitics_intel,inst_state|inst_security,p_coldwar,p_industrial|p_coldwar|p_postmodern,,0.65,review,ai,gpt,2026-01-08,
bk_000085,"John Courtney Murray: Time/Life & The American Proposition, Cias Doctrinal Warfare Program",David Wemhoff,https://www.amazon.com/John-Courtney-Murray-American-Proposition/dp/1737957329,cl_geopolitics_intel,inst_state|inst_security,p_coldwar,p_industrial|p_coldwar|p_postmodern,,0.65,review,ai,gpt,2026-01-08,
bk_000086,MI6,Stephen Dorril,https://www.amazon.com/MI6-Inside-Majestys-Intelligence-Service/dp/0743203798,cl_geopolitics_intel,inst_state|inst_security,p_coldwar,p_industrial|p_coldwar|p_postmodern,,0.65,review,ai,gpt,2026-01-08,
bk_000087,The Bilderberg Group,Daniel Estulin,https://www.amazon.com/True-Story-Bilderberg-Group/dp/9384401323,cl_elites_networks,inst_state|inst_economy|inst_security,p_postmodern,p_industrial|p_coldwar|p_postmodern,,0.65,review,ai,gpt,2026-01-08,
bk_000088,Before Jerusalem Fell,Kenneth Gentry,https://www.amazon.com/Before-Jerusalem-Fell-Dating-Revelation/dp/0982620608,cl_phil_political_theology,inst_academy|inst_state,p_postmodern,,,0.55,review,ai,gpt,2026-01-08,
bk_000089,An Introduction to the Order,Antony Sutton,https://www.amazon.com/Introduction-Order-Antony-C-Sutton/dp/0949667420,cl_phil_political_theology,inst_academy|inst_state,p_postmodern,,,0.55,review,ai,gpt,2026-01-08,
bk_000090,Red Book,Jay Dyer,https://jaysanalysis.com/product/the-red-book-essays-on-theology-philosophy-new-jay-dyer-book/,cl_phil_political_theology,inst_academy|inst_state,p_postmodern,,,0.55,review,ai,gpt,2026-01-08,
bk_000091,Irenaeus and Orthodox Apologetic Method,Joshua Schooping,https://www.amazon.com/Irenaeus-Orthodox-Apologetic-Methodology-Presuppositionalism/dp/1545576564,cl_phil_political_theology,inst_academy|inst_state,p_postmodern,,,0.55,review,ai,gpt,2026-01-08,
bk_000092,Science Faith & Society,Michael Polanyi,https://www.amazon.com/Science-Faith-Society-Phoenix-Books/dp/0226672905,cl_phil_political_theology,inst_academy|inst_state,p_postmodern,,,0.55,review,ai,gpt,2026-01-08,
bk_000093,Logical Investigations,Edmund Hussein,https://www.amazon.com/Logical-Investigations-International-Library-Philosophy/dp/0415241898,cl_phil_modern,inst_academy,p_postmodern,,,0.55,review,ai,gpt,2026-01-08,
bk_000094,Man and the Cosmos,Lars Thunberg,https://www.amazon.com/Man-Cosmos-Lars-Thunberg/dp/088141865X,cl_phil_political_theology,inst_academy|inst_state,p_postmodern,,,0.55,review,ai,gpt,2026-01-08,
bk_000095,Human Action,Ludwig Von Mises,https://www.amazon.com/Human-Action-Ludwig-Von-Mises/dp/1614273545,cl_political_economy,inst_economy|inst_state,p_postmodern,,,0.55,review,ai,gpt,2026-01-08,
bk_000096,Edward Feser Five Proofs of the Existence of God,,https://www.amazon.com/Five-Proofs-Existence-Edward-Feser/dp/1621641333,cl_phil_political_theology,inst_academy|inst_state,p_postmodern,,,0.55,review,ai,gpt,2026-01-08,
bk_000097,Orthodox Apologetic Theology,I.M. And Reyes,https://www.amazon.com/Orthodox-Apologetic-Theology-I-Andreyev/dp/0938635484,cl_phil_political_theology,inst_academy|inst_state,p_postmodern,,,0.55,review,ai,gpt,2026-01-08,
bk_000098,Natural Theology in the Eastern Orthodox Tradition,David Bradshaw,https://www.amazon.com/Natural-Theology-Eastern-Orthodox-Tradition/dp/1735295132,cl_phil_political_theology,inst_academy|inst_state,p_postmodern,,,0.55,review,ai,gpt,2026-01-08,
bk_000099,America’s Secret Establishment,Antony Sutton,https://www.amazon.com/Americas-Secret-Establishment-Introduction-Order/dp/0972020705,cl_elites_networks,inst_state|inst_economy|inst_security,p_postmodern,p_industrial|p_coldwar|p_postmodern,,0.65,review,ai,gpt,2026-01-08,
bk_000100,Conspirators Hierarchy,John Coleman,https://www.amazon.com/Coleman-Conspirators-Hierarchy-Committee-Revised/dp/B008UI0QXU,cl_elites_networks,inst_state|inst_economy|inst_security,p_postmodern,p_industrial|p_coldwar|p_postmodern,,0.65,review,ai,gpt,2026-01-08,
bk_000101,How Christ Said the FIrst Mass,James L. Meagher,https://www.amazon.com/How-Christ-Said-First-Mass/dp/0895552078,cl_phil_political_theology,inst_academy|inst_state,p_postmodern,,,0.55,review,ai,gpt,2026-01-08,
bk_000102,On the Liturgy,St Germanius of Constantinople,https://www.amazon.com/St-Germanus-Constantinople-Divine-Liturgy/dp/0881410381,cl_liturgy_icons,inst_church|inst_academy,p_postmodern,,,0.55,review,ai,gpt,2026-01-08,
bk_000103,Introduction to Liturgical Theology,Alexander Schumann,https://www.amazon.com/Introduction-Liturgical-Theology-Alexander-Schmemann/dp/0913836184,cl_phil_political_theology,inst_academy|inst_state,p_postmodern,,,0.55,review,ai,gpt,2026-01-08,
bk_000104,Orthodox Worship,Williams & Anstall,https://www.amazon.com/Orthodox-Worship-Living-Continuity-Synagogue/dp/1944967540,cl_liturgy_icons,inst_church|inst_academy,p_postmodern,,,0.55,review,ai,gpt,2026-01-08,
bk_000105,Ultimate Proof of Creation,Dr. Jason Lisle,https://www.amazon.com/Ultimate-Proof-Creation-Jason-Lisle/dp/0890515689,cl_phil_political_theology,inst_academy|inst_state,p_postmodern,,,0.55,review,ai,gpt,2026-01-08,
bk_000106,Darwin’s God,Cornelius Hunter,https://www.amazon.com/Darwins-God-Evolution-Problem-Evil/dp/1587430118,cl_evolution_design,inst_academy,p_postmodern,,,0.65,review,ai,gpt,2026-01-08,
bk_000107,Shattering the Myths of Darwinism,Richard Milton,https://www.amazon.com/Shattering-Myths-Darwinism-Richard-Milton/dp/0892818840,cl_evolution_design,inst_academy,p_postmodern,,,0.65,review,ai,gpt,2026-01-08,
bk_000108,Darwin’s Doubt,Stephen Myer,https://www.amazon.com/Darwins-Doubt-Explosive-Origin-Intelligent/dp/0062071483,cl_evolution_design,inst_academy,p_postmodern,,,0.65,review,ai,gpt,2026-01-08,
bk_000109,Science and Human Origins,Douglas Axe,https://www.amazon.com/Science-Human-Origins-Ann-Gauger/dp/193659904X,cl_phil_political_theology,inst_academy|inst_state,p_postmodern,,,0.55,review,ai,gpt,2026-01-08,
bk_000110,Undeniable,Douglas Axe,https://www.amazon.com/Undeniable-Biology-Confirms-Intuition-Designed/dp/0062349597,cl_phil_political_theology,inst_academy|inst_state,p_postmodern,,,0.55,review,ai,gpt,2026-01-08,
bk_000111,Icons of Evolution,Jonathan Wells,https://www.amazon.com/Icons-Evolution-Science-Teach-About/dp/0895262002,cl_liturgy_icons,inst_church|inst_academy,p_postmodern,,,0.55,review,ai,gpt,2026-01-08,
bk_000112,Zombie Science more Icons of Evolution,Jonathan Wells,https://www.amazon.com/Zombie-Science-More-Icons-Evolution/dp/1936599449,cl_liturgy_icons,inst_church|inst_academy,p_postmodern,,,0.55,review,ai,gpt,2026-01-08,
bk_000113,Devils Delusions,David Berlinski,https://www.amazon.com/Devils-Delusion-Atheism-Scientific-Pretensions/dp/0307396266,cl_phil_political_theology,inst_academy|inst_state,p_postmodern,,,0.55,review,ai,gpt,2026-01-08,
bk_000114,The Last Superstition,Edward Feser,https://www.amazon.com/Last-Superstition-Refutation-New-Atheism/dp/1587314525,cl_phil_political_theology,inst_academy|inst_state,p_postmodern,,,0.55,review,ai,gpt,2026-01-08,
bk_000115,Religion Transhumanism and its Critics,,https://www.amazon.com/Religious-Transhumanism-Religion-Critical-Discourse/dp/1498584136,cl_future_tech,inst_tech|inst_state|inst_academy,p_postmodern,,,0.55,review,ai,gpt,2026-01-08,
bk_000116,Darwins Black Box,Michael Behe,https://www.amazon.com/Darwins-Black-Box-Biochemical-Challenge/dp/0743290313,cl_evolution_design,inst_academy,p_postmodern,,,0.65,review,ai,gpt,2026-01-08,
bk_000117,The Deniable Darwin,David Berlinski,https://www.amazon.com/Deniable-Darwin-Other-Essays/dp/0979014131,cl_evolution_design,inst_academy,p_postmodern,,,0.65,review,ai,gpt,2026-01-08,
bk_000118,The Mind of God,Paul Davies,https://www.amazon.com/Mind-God-Scientific-Basis-Rational/dp/0671797182,cl_science_faith,inst_academy|inst_tech,p_postmodern,,,0.55,review,ai,gpt,2026-01-08,
bk_000119,Epistles of Ignatius,,https://www.amazon.com/Epistles-Ignatius/dp/1785169203,cl_phil_political_theology,inst_academy|inst_state,p_postmodern,,,0.55,review,ai,gpt,2026-01-08,
bk_000120,Against Heresies,Irenaeus,https://www.amazon.com/Against-Heresies-Irenaeus/dp/163174061X/ref=sr_1_1?dib=eyJ2IjoiMSJ9.oPtpbAGGHRqQqkgb6HapsKyDHOJP-ClF6e8vL4YA6Kf4mJjD4nNqClwkgqMA66kiQS3gJVkdQzIUSP4GM8VXeIknhlFXZaK746MSXewmzI4jM5fjurzETH8bP1yujjGWrbnrI5SuJo7XEkLVPK66lLwn9G0tHQ51zFbzKP_MFfdHTMdQFI_Mcwdr__WD5YugDgkCeBLkDduVxCaum-VbxxIMaJ4WjfP3Z4POtnXZX1o.e2rOkHSMYYzfS3ay35NS4zOWCUbLQLboEPVGqkhY0ts&dib_tag=se&hvadid=580744583927&hvdev=c&hvlocphy=9002792&hvnetw=g&hvqmt=e&hvrand=4100637249757311756&hvtargid=kwd-1914108728&hydadcr=8265_13500916&keywords=irenaeus+against+heresies&mcid=92a84c20da293188bcb5c51705d913b3&qid=1742846921&sr=8-1,cl_patristics_dogma,inst_church|inst_academy,p_patristic,p_patristic,,0.55,review,ai,gpt,2026-01-08,
bk_000121,The Historical Reliability of the Gospels,Craig Blomberg,https://www.amazon.com/Historical-Reliability-Gospels-Craig-Blomberg/dp/0830828079?tag=googhydr-20&source=dsa&hvcampaign=books&gbraid=0AAAAA-byW6DopYEm8y786pWMQiTo8g-0R&gclid=EAIaIQobChMIsqqf-MKjjAMVQEdHAR0A3yt8EAAYASAAEgLuFfD_BwE,cl_scripture_method,inst_church|inst_academy,p_postmodern,,,0.55,review,ai,gpt,2026-01-08,
bk_000122,New Testament Introduction,Donald Guthrie,https://www.amazon.com/New-Testament-Introduction-Guthrie-Reference/dp/0830840869/ref=tmm_pap_swatch_0,cl_scripture_method,inst_church|inst_academy,p_postmodern,,,0.55,review,ai,gpt,2026-01-08,
bk_000123,The Divine Names,Dionysius,https://www.amazon.com/Divine-Names-Dionysius-Areopagite/dp/0995727988,cl_patristics_dogma,inst_church|inst_academy,p_patristic,p_patristic,,0.55,review,ai,gpt,2026-01-08,
bk_000124,The Christocentric Cosmology of St. Maximus The Confessor,,https://www.amazon.com/Christocentric-Cosmology-Maximus-Confessor-Christian/dp/019923714X,cl_phil_political_theology,inst_academy|inst_state,p_postmodern,,,0.55,review,ai,gpt,2026-01-08,
bk_000125,Sophronius of Jerusalem and 7th Century Heresy,Pauline Allen,https://www.amazon.com/Sophronius-Jerusalem-Seventh-Century-Heresy-Synodical/dp/0199546932,cl_phil_political_theology,inst_academy|inst_state,p_postmodern,,,0.55,review,ai,gpt,2026-01-08,
bk_000126,Neoplatonism,R. T. Wallis,https://www.amazon.com/Neoplatonism-Hackett-Classics-R-Wallis/dp/0872202879,cl_classical_antiquity,inst_academy|inst_culture,p_postmodern,p_patristic,,0.55,review,ai,gpt,2026-01-08,
bk_000127,The Problem of Evil,Mark Larrimore,https://www.amazon.com/Problem-Evil-Reader-Mark-Larrimore/dp/0631220143,cl_phil_political_theology,inst_academy|inst_state,p_postmodern,,,0.55,review,ai,gpt,2026-01-08,
bk_000128,The Cave & The Light,Arthur Herman,https://www.amazon.com/Cave-Light-Aristotle-Struggle-Civilization/dp/0553385666/ref=tmm_pap_swatch_0,cl_phil_political_theology,inst_academy|inst_state,p_postmodern,,,0.55,review,ai,gpt,2026-01-08,
bk_000129,Early Christian Doctrines,JND Kelley,https://www.amazon.com/Early-Christian-Doctrines-J-Kelly/dp/006064334X,cl_phil_political_theology,inst_academy|inst_state,p_postmodern,,,0.55,review,ai,gpt,2026-01-08,
bk_000130,Demonstrations of the Faith,Theodore Abu Qurrah,https://www.amazon.com/Demonstrations-Faith-Theodore-Abu-Qurrah/dp/B0D86C73GN/ref=tmm_pap_swatch_0,cl_patristics_dogma,inst_church|inst_academy,p_postmodern,p_patristic,,0.55,review,ai,gpt,2026-01-08,
bk_000131,"Collected Works (Volume III, Creation and Redemption)",Georges Florovsky,https://www.amazon.com/Creation-Redemption-Collected-Georges-Florovsky/dp/0913124079,cl_phil_political_theology,inst_academy|inst_state,p_postmodern,,,0.55,review,ai,gpt,2026-01-08,
bk_000132,Horae Apocalypticae (Multiple VOL),Edward Bishop Elliot,https://www.amazon.com/Horae-Apocalypticae-Vol-1/dp/1312966742,cl_phil_political_theology,inst_academy|inst_state,p_postmodern,,,0.55,review,ai,gpt,2026-01-08,
bk_000133,The Origin of Pagan Idolatry,George Stanley Faber,https://www.amazon.com/Origin-Pagan-Idolatry-Ascertained-Circumstantial/dp/1169811957,cl_phil_political_theology,inst_academy|inst_state,p_postmodern,,,0.55,review,ai,gpt,2026-01-08,
bk_000134,The Sacred and the Profane,Mircea Eliade,https://www.amazon.com/Sacred-Profane-Nature-Religion/dp/015679201X/ref=tmm_pap_swatch_0,cl_phil_political_theology,inst_academy|inst_state,p_postmodern,,,0.55,review,ai,gpt,2026-01-08,
bk_000135,Affective Neuroscience,Jaak Panksepp,https://www.amazon.com/Affective-Neuroscience-Foundations-Emotions-Science/dp/019517805X,cl_psych_anthro,inst_academy|inst_church,p_postmodern,,,0.55,review,ai,gpt,2026-01-08,
bk_000136,"Genius, The Natural history of creativity",Hans Eysenck,https://www.amazon.com/Genius-Creativity-Problems-Behavioural-Sciences/dp/0521485088,cl_psych_anthro,inst_academy|inst_church,p_postmodern,,,0.55,review,ai,gpt,2026-01-08,
bk_000137,Always Ready,Greg Bahnsen,https://www.amazon.com/Always-Ready-Directions-Defending-Faith/dp/0915815281,cl_phil_political_theology,inst_academy|inst_state,p_postmodern,,,0.55,review,ai,gpt,2026-01-08,
bk_000138,Van Tils Apologetic,Greg Bahnsen,https://www.amazon.com/Van-Tils-Apologetic-Greg-Bahnsen/dp/0875520987/ref=pd_lpo_d_sccl_1/141-6886153-2764166?pd_rd_w=fn7ao&content-id=amzn1.sym.4c8c52db-06f8-4e42-8e56-912796f2ea6c&pf_rd_p=4c8c52db-06f8-4e42-8e56-912796f2ea6c&pf_rd_r=T137W36JDD9NAMD8APZR&pd_rd_wg=focEr&pd_rd_r=d80fcc40-7a3f-4a94-bd32-1204b5a2bc67&pd_rd_i=0875520987&psc=1,cl_phil_political_theology,inst_academy|inst_state,p_postmodern,,,0.55,review,ai,gpt,2026-01-08,
bk_000139,Free Choice in St. Maximus the Confessor,Joseph Farrell,https://www.scribd.com/doc/138363605/Joseph-P-Farrell-Free-Choice-in-St-Maximus-the-Confessor,cl_phil_political_theology,inst_academy|inst_state,p_postmodern,,,0.55,review,ai,gpt,2026-01-08,
bk_000140,Ambigua,St. Maximus the Confessor,https://www.amazon.com/Difficulties-Church-Fathers-Vol-Dumbarton/dp/0674726669,cl_patristics_dogma,inst_church|inst_academy,p_patristic,p_patristic,,0.55,review,ai,gpt,2026-01-08,
bk_000141,The Gnostic Religion,Hans Jonas,https://www.amazon.com/Gnostic-Religion-Message-Beginnings-Christianity/dp/0807058017,cl_gnosticism_esotericism,inst_academy|inst_culture,p_postmodern,,,0.55,review,ai,gpt,2026-01-08,
bk_000142,Gnosis,Kurt Rudolph,https://www.amazon.com/Gnosis-History-Gnosticism-Kurt-Rudolph/dp/0060670185,cl_gnosticism_esotericism,inst_academy|inst_culture,p_postmodern,,,0.55,review,ai,gpt,2026-01-08,
bk_000143,The Secret Destiny of America,Manly P Hall,https://www.amazon.com/Secret-Destiny-America-Manly-Hall/dp/1585426628,cl_phil_political_theology,inst_academy|inst_state,p_postmodern,,,0.55,review,ai,gpt,2026-01-08,
bk_000144,Rethinking Gnosticism,Michael Allen Williams,https://www.amazon.com/Rethinking-Gnosticism-Argument-Dismantling-Category/dp/0691005427,cl_gnosticism_esotericism,inst_academy|inst_culture,p_postmodern,,,0.55,review,ai,gpt,2026-01-08,
bk_000145,"Sword of Gnosis - Titus Burkhardt, critique of philosophy of Evolution",,https://www.amazon.co.uk/Sword-Gnosis-Metaphysics-Cosmology-Tradition/dp/1850630488,cl_gnosticism_esotericism,inst_academy|inst_culture,p_postmodern,,,0.55,review,ai,gpt,2026-01-08,
bk_000146,Trilogy on book of Revelation,James Jordan,https://www.amazon.com/Revelation-Explained-Interpretation-Jordan-Dragon/dp/1733335633,cl_scripture_method,inst_church|inst_academy,p_postmodern,,,0.55,review,ai,gpt,2026-01-08,
bk_000147,Creation Ex Nihilo,William Lane Craig,https://www.amazon.com/Creation-out-Nothing-Philosophical-Exploration/dp/0801027330,cl_phil_political_theology,inst_academy|inst_state,p_postmodern,,,0.55,review,ai,gpt,2026-01-08,
bk_000148,2 dogmas on Empiricism,Quine,https://www.amazon.com/Quintessence-Basic-Readings-Philosophy-Quine/dp/0674010485,cl_phil_political_theology,inst_academy|inst_state,p_postmodern,,,0.55,review,ai,gpt,2026-01-08,
bk_000149,Orthodox Dogmatics,Pomazansky,https://www.amazon.com/Orthodox-Dogmatic-Theology-Concise-Exposition/dp/0938635697,cl_phil_political_theology,inst_academy|inst_state,p_postmodern,,,0.55,review,ai,gpt,2026-01-08,
bk_000150,Are the New Testament documents Reliable,FF Bruce,https://www.amazon.com/New-Testament-Documents-They-Reliable/dp/0802822193,cl_scripture_method,inst_church|inst_academy,p_postmodern,,,0.55,review,ai,gpt,2026-01-08,
bk_000151,Don Quixote,Cervantes,https://www.amazon.com/Quixote-Penguin-Classics-Cervantes-Saavedra/dp/0142437239,cl_literature_modern,inst_culture,p_postmodern,,,0.65,review,ai,gpt,2026-01-08,
bk_000152,In Search of Lost Time,Marcel Proust,https://www.amazon.com/Search-Lost-Time-Proust-Marcel/dp/1857152506/ref=sr_1_3?dib=eyJ2IjoiMSJ9.69h5FhDzFD_mID2kWJF7pYH2jOOZRWacAb0BI7CaLcqvTlbKEjAvxeVpt1gaXxIDxaw1cZcaTpOSSfAPzp2jmaGE5eBRzcZWpaTh3MDpPPfTKIFlwcaL5rlGKhYDYSacjQIUDolkg6mIgbnd70FQaxy3dJ2YtV5_Ff8JMvf5ULbi9ApXRsWGTFBbAK3gCI8cWFNcRPb4e1bmCyu4LpiA1yaJQxHoAfKPyQTtcLw1bjI.cGuwZN8QvJ9HLS_YNreYvoeBpCO8pV61ms0ELkcDSmQ&dib_tag=se&qid=1742848027&refinements=p_27%3AMarcel+Proust&s=books&sr=1-3,cl_phil_political_theology,inst_academy|inst_state,p_postmodern,,,0.55,review,ai,gpt,2026-01-08,
bk_000153,Gravity’s Rainbow,Thomas Pynchon,https://www.amazon.com/Gravitys-Rainbow-Penguin-Classics-Deluxe/dp/0143039946/ref=sr_1_3?dib=eyJ2IjoiMSJ9.yoyAr9qO4YtW25fM772WKgE32jG7PTEBKaRAdTHOg4fDZlTK3xsfofpGDQqZYMo135w6ywv1gV0b4C9BCIFDiRVIpFHBsujQBzMld3AOBG26PD1HIo6QKC3Hn4UXffhWdU-k7stYmsiExlp5qty6vC1xrulxwi6XVmuxnlqIDK1kJjiHFVKs-kZuUm0KVwo5oli0wPbrnqdzxX6HFC4HFWYpzPefmjmmfj_19h6bENo.4II266-wc0JQsdbSnsmM_BnTUh2PQUOZrm0U-FIr2DI&dib_tag=se&qid=1742848119&refinements=p_27%3AThomas+Pynchon&s=books&sr=1-3,cl_phil_political_theology,inst_academy|inst_state,p_postmodern,,,0.55,review,ai,gpt,2026-01-08,
bk_000154,Vanity Fair,William Thackeray,https://www.amazon.com/Penguin-Classics-William-Makepeace-Thackeray/dp/0141439831,cl_literature_modern,inst_culture,p_postmodern,,,0.65,review,ai,gpt,2026-01-08,
bk_000155,The Magic Mountain,Thomas Mann,https://www.amazon.com/Magic-Mountain-Thomas-Mann/dp/0679772871,cl_literature_modern,inst_culture,p_postmodern,,,0.65,review,ai,gpt,2026-01-08,
bk_000156,Doctor Faustus,Thomas Mann,https://www.amazon.com/Doctor-Faustus-German-Composer-Leverkuhn/dp/0375701168,cl_literature_modern,inst_culture,p_postmodern,,,0.65,review,ai,gpt,2026-01-08,
bk_000157,the flight from God,Max Picard,https://www.amazon.com/Flight-God-Max-Picard/dp/1587312719,cl_modernity_critique,inst_culture|inst_academy|inst_tech,p_postmodern,,,0.55,review,ai,gpt,2026-01-08,
bk_000158,Errand into the Wilderness,Michael Graziano,https://www.amazon.com/Errand-into-Wilderness-Mirrors-Religion/dp/022676740X,cl_phil_political_theology,inst_academy|inst_state,p_postmodern,,,0.55,review,ai,gpt,2026-01-08,
bk_000159,Builders of Empire,Jessica Jacobs,https://www.amazon.com/Builders-Empire-Freemasons-Imperialism-1717-1927/dp/1469613484,cl_phil_political_theology,inst_academy|inst_state,p_postmodern,,,0.55,review,ai,gpt,2026-01-08,
bk_000160,The Christian’s as the Romans saw Them,Robert Wilken,https://www.amazon.com/Christians-Romans-Saw-Them/dp/0300098391,cl_classical_antiquity,inst_academy|inst_culture,p_postmodern,p_patristic,,0.55,review,ai,gpt,2026-01-08,
bk_000161,Weapons of mass migration,Kelly Greenfield,https://www.amazon.com/Weapons-Mass-Migration-Displacement-Coercion/dp/1501704362,cl_phil_political_theology,inst_academy|inst_state,p_postmodern,,,0.55,review,ai,gpt,2026-01-08,
bk_000162,Changing images of man,Stanford Research,https://www.amazon.com/Changing-Images-Systems-science-library/dp/0080243142,cl_phil_political_theology,inst_academy|inst_state,p_postmodern,,,0.55,review,ai,gpt,2026-01-08,
bk_000163,Albion’s Seed,David Fischer,https://www.amazon.com/Albions-Seed-British-Folkways-cultural/dp/0195069056,cl_phil_political_theology,inst_academy|inst_state,p_postmodern,,,0.55,review,ai,gpt,2026-01-08,
bk_000164,The Decline of the West,Oswald Spengler,https://www.amazon.com/Decline-West-Oxford-Paperbacks/dp/0195066340,cl_modernity_critique,inst_culture|inst_academy|inst_tech,p_postmodern,,,0.55,review,ai,gpt,2026-01-08,
bk_000165,Anatomyzing Divinity,James Kelly,https://www.amazon.com/Anatomyzing-Divinity-Esotericism-Political-Theology/dp/1936296276,cl_phil_political_theology,inst_academy|inst_state,p_postmodern,,,0.55,review,ai,gpt,2026-01-08,
bk_000166,The Machine in the Garden,Leo Marx,https://www.amazon.com/Machine-Garden-Technology-Pastoral-America/dp/019513351X,cl_modernity_critique,inst_culture|inst_academy|inst_tech,p_postmodern,,,0.55,review,ai,gpt,2026-01-08,
bk_000167,The American Adam,RWB Lewis,https://www.amazon.com/American-Adam-Phoenix-Books/dp/0226476812/ref=pd_lpo_d_sccl_4/141-6886153-2764166?pd_rd_w=E1iB8&content-id=amzn1.sym.4c8c52db-06f8-4e42-8e56-912796f2ea6c&pf_rd_p=4c8c52db-06f8-4e42-8e56-912796f2ea6c&pf_rd_r=2B49S7Y66TD9C6J8BGJV&pd_rd_wg=WVGOY&pd_rd_r=8ce15cf7-53a8-4d13-8199-bc804c8d1c6a&pd_rd_i=0226476812&psc=1,cl_phil_political_theology,inst_academy|inst_state,p_postmodern,,,0.55,review,ai,gpt,2026-01-08,
bk_000168,Geography of Nowhere,James Kunstler,https://www.amazon.com/Geography-Nowhere-Americas-Man-Made-Landscape/dp/0671888250,cl_modernity_critique,inst_culture|inst_academy|inst_tech,p_postmodern,,,0.55,review,ai,gpt,2026-01-08,
bk_000169,The True and Only Heaven,Christopher Lasch,https://www.amazon.com/True-Only-Heaven-Progress-Critics/dp/0393307956,cl_modernity_critique,inst_culture|inst_academy|inst_tech,p_postmodern,,,0.55,review,ai,gpt,2026-01-08,
bk_000170,Early Icons,Michael Garten,https://www.amazon.com/Early-Icons-Christian-Veneration-Paintings/dp/B0DQYMQBBG,cl_liturgy_icons,inst_church|inst_academy,p_postmodern,,,0.55,review,ai,gpt,2026-01-08,
bk_000171,The Meaning of Icons,Leonid Ouspensky,https://www.amazon.com/Meaning-Icons-English-German/dp/0913836990,cl_liturgy_icons,inst_church|inst_academy,p_postmodern,,,0.55,review,ai,gpt,2026-01-08,
bk_000172,Modernism and Perversion,Anna Schaeffer,https://www.amazon.com/Modernism-Perversion-Deviance-Literature-1850-1930/dp/0230231624,cl_phil_political_theology,inst_academy|inst_state,p_postmodern,,,0.55,review,ai,gpt,2026-01-08,
bk_000173,Days of Vengeance,David Chilton,https://www.amazon.com/Days-Vengeance-Exposition-Book-Revelation/dp/0930462092,cl_phil_political_theology,inst_academy|inst_state,p_postmodern,,,0.55,review,ai,gpt,2026-01-08,
bk_000174,Biblical Apocalyptics,Milton Terry,https://www.amazon.com/Biblical-Apocalyptics-Notable-Revelations-Christ/dp/0801088887,cl_scripture_method,inst_church|inst_academy,p_postmodern,,,0.55,review,ai,gpt,2026-01-08,
bk_000175,Before Jerusalem Fell,Kenneth Gentry,https://www.amazon.com/Before-Jerusalem-Fell-Dating-Revelation/dp/0915815435,cl_phil_political_theology,inst_academy|inst_state,p_postmodern,,,0.55,review,ai,gpt,2026-01-08,
bk_000176,Shadow Masters,Daniel Estulin,https://www.amazon.com/Shadow-Masters-International-Governments-Secret-Service/dp/B01K3LPMO4,cl_phil_political_theology,inst_academy|inst_state,p_postmodern,,,0.55,review,ai,gpt,2026-01-08,
bk_000177,The Cultural Cold War,Frances Saunders,https://www.amazon.com/Cultural-Cold-War-World-Letters/dp/156584596X,cl_propaganda_psyops,inst_media|inst_state|inst_security,p_coldwar,p_industrial|p_coldwar|p_postmodern,,0.65,review,ai,gpt,2026-01-08,
bk_000178,The Third Way,Joseph Farrelll,https://www.amazon.com/Third-Way-International-European-Corporate-ebook/dp/B0131FWPN0,cl_phil_political_theology,inst_academy|inst_state,p_postmodern,,,0.55,review,ai,gpt,2026-01-08,
bk_000179,Jews and Revolution,Erich Haberer,https://www.amazon.com/Revolution-Nineteenth-Century-Russia-Erich-Haberer/dp/0521528496,cl_evolution_design,inst_academy,p_postmodern,,,0.65,review,ai,gpt,2026-01-08,
bk_000180,Prophecy and Politics,Jonathan Frankel,https://www.amazon.com/Prophecy-Politics-Socialism-Nationalism-1862-1917/dp/0521269199,cl_phil_political_theology,inst_academy|inst_state,p_postmodern,,,0.55,review,ai,gpt,2026-01-08,
bk_000181,For My Legionaries,Corneliu Codreanu,https://www.barnesandnoble.com/w/for-my-legionaries-corneliu-zelea-codreanu/1006148374,cl_phil_political_theology,inst_academy|inst_state,p_postmodern,,,0.55,review,ai,gpt,2026-01-08,
bk_000182,Hegel and the Hermetic Tradition,Glenn Magee,https://www.amazon.com/Hegel-Hermetic-Tradition-Glenn-Alexander/dp/0801474507,cl_gnosticism_esotericism,inst_academy|inst_culture,p_postmodern,,,0.55,review,ai,gpt,2026-01-08,
bk_000183,What is Darwinism?,Charles Hodge,https://www.amazon.com/What-Darwinism-Charles-Hodge/dp/1163231118,cl_evolution_design,inst_academy,p_postmodern,,,0.65,review,ai,gpt,2026-01-08,
bk_000184,Jewish Influence on Christian Reform Movements,Lewis Newman,"https://www.amazon.com/Jewish-Influence-Christian-Reform-Movements/dp/1590451600#:~:text=This%20work%20is%20a%20study,and%20development%20of%20these%20movements.",cl_phil_political_theology,inst_academy|inst_state,p_postmodern,,,0.55,review,ai,gpt,2026-01-08,
bk_000185,Culture of Critique,Kevin MacDonald,https://www.barnesandnoble.com/w/the-culture-of-critique-kevin-macdonald/1113698168?ean=9798892520461,cl_phil_political_theology,inst_academy|inst_state,p_postmodern,,,0.55,review,ai,gpt,2026-01-08,
bk_000186,The Israel Lobby,John Mearsheimer,https://www.amazon.com/Israel-Lobby-U-S-Foreign-Policy/dp/0374531501,cl_phil_political_theology,inst_academy|inst_state,p_postmodern,,,0.55,review,ai,gpt,2026-01-08,
bk_000187,Two World Wars and Hitler,Jim McGregor,https://www.amazon.com/Two-World-Wars-Hitler-Anglo-American/dp/1634245032,cl_phil_political_theology,inst_academy|inst_state,p_postmodern,,,0.55,review,ai,gpt,2026-01-08,
bk_000188,This Side of Paradise,F. Scott Fitzgerald,https://www.amazon.com/This-Side-Paradise-Scott-Fitzgerald/dp/0684843781,cl_literature_modern,inst_culture,p_postmodern,,,0.65,review,ai,gpt,2026-01-08,
bk_000189,From Adam to Antichrist,David Patrick Harry,https://www.amazon.com/Return-Babylon-David-Patrick-Harry/dp/B0FRY4XMG1,cl_phil_political_theology,inst_academy|inst_state,p_postmodern,,,0.55,review,ai,gpt,2026-01-08,
bk_000190,Against The Machine,Paul Kingsnorth,https://www.amazon.com/Against-Machine-Unmaking-Paul-Kingsnorth/dp/0593850637/ref=pd_lpo_d_sccl_1/139-0220336-6021824?pd_rd_w=zguVL&content-id=amzn1.sym.4c8c52db-06f8-4e42-8e56-912796f2ea6c&pf_rd_p=4c8c52db-06f8-4e42-8e56-912796f2ea6c&pf_rd_r=NGEP3RGFA8BQHATP0EHQ&pd_rd_wg=0XcGm&pd_rd_r=e081d2b8-d1c6-4124-9900-c3b1bf1923e1&pd_rd_i=0593850637&psc=1,cl_modernity_critique,inst_culture|inst_academy|inst_tech,p_postmodern,,,0.55,review,ai,gpt,2026-01-08,
bk_000191,Esoteric Hollywood 3,Jay Dyer,https://www.amazon.com/Esoteric-Hollywood-Cults-Apocalypse-Films/dp/1634245156,cl_gnosticism_esotericism,inst_academy|inst_culture,p_postmodern,,,0.55,review,ai,gpt,2026-01-08,
bk_000192,Post-Reductionist Christianity,JP. Marceau,https://store.thesymbolicworld.com/collections/frontpage/products/post-reductionist-christianity-a-way-out-of-the-meaning-crisis,cl_phil_political_theology,inst_academy|inst_state,p_postmodern,,,0.55,review,ai,gpt,2026-01-08,
bk_000193,Antichrist: The Fulfillment of Globalization,GM Davis,https://www.amazon.com/Antichrist-Fulfillment-Globalization-Ancient-History/dp/163941004X,cl_phil_political_theology,inst_academy|inst_state,p_postmodern,,,0.55,review,ai,gpt,2026-01-08,
bk_000194,The Errors of the Latins (2 Volumes),George Pachymeres,https://uncutmountainpress.com/products/the-errors-of-the-latins-volume-i,cl_church_history_schism,inst_church|inst_academy,p_byzantine,p_byzantine|p_early_modern,,0.55,review,ai,gpt,2026-01-08,
bk_000195,The Ways of Byzantine Philosophy,Mikonja Knezevic,https://sebastianpress.org/the-ways-of-byzantine-philosophy/,cl_phil_political_theology,inst_academy|inst_state,p_byzantine,,,0.55,review,ai,gpt,2026-01-08,
bk_000196,Aristotle in Byzantium,Mikonja Knezevic,https://sebastianpress.org/aristotle-in-byzantium/,cl_classical_antiquity,inst_academy|inst_culture,p_byzantine,p_patristic,,0.55,review,ai,gpt,2026-01-08,
bk_000197,Exploring Islam,Lawrence Farvlev,https://sebastianpress.org/exploring-islam-a-christian-perspective-on-the-life-of-muhammad-and-the-quran/,cl_phil_political_theology,inst_academy|inst_state,p_postmodern,,,0.55,review,ai,gpt,2026-01-08,
bk_000198,Beyond These Horizons,John Breck,https://sebastianpress.org/beyond-these-horizons-quantum-theory-and-christian-faith/,cl_phil_political_theology,inst_academy|inst_state,p_postmodern,,,0.55,review,ai,gpt,2026-01-08,
bk_000199,"Faith, Science, Mystery",Gayle Woloschak,https://sebastianpress.org/gayle-e-woloschak-faith-science-mystery/,cl_phil_political_theology,inst_academy|inst_state,p_postmodern,,,0.55,review,ai,gpt,2026-01-08,
bk_000200,My Brother’s Keeper,Radovan Bigovic,https://sebastianpress.org/my-brothers-keeper/,cl_phil_political_theology,inst_academy|inst_state,p_postmodern,,,0.55,review,ai,gpt,2026-01-08,
bk_000201,The Presence of Transcendence,Bogoljub Sijakovic,https://sebastianpress.org/the-presence-of-transcendence/,cl_phil_political_theology,inst_academy|inst_state,p_postmodern,,,0.55,review,ai,gpt,2026-01-08,
bk_000202,The Serbs of Bosnia and Herzegovina,Dusan Batakovic,https://sebastianpress.org/the-serbs-of-bosnia-and-herzegovina/,cl_phil_political_theology,inst_academy|inst_state,p_postmodern,,,0.55,review,ai,gpt,2026-01-08,
bk_000203,The Art of Seeing,Maximos Constas,https://sebastianpress.org/the-art-of-seeing/,cl_phil_political_theology,inst_academy|inst_state,p_postmodern,,,0.55,review,ai,gpt,2026-01-08,
bk_000204,The Synaxarion,,https://sebastianpress.org/synaxarion/,cl_spirituality_ascetic,inst_church,p_postmodern,,,0.55,review,ai,gpt,2026-01-08,
bk_000205,The Prologue of Ohrid,,https://sebastianpress.org/the-prologue-of-ohrid/,cl_spirituality_ascetic,inst_church,p_postmodern,,,0.55,review,ai,gpt,2026-01-08,
bk_000206,The Luminosity of Love,Pedrag Cicovacki,https://sebastianpress.org/the-luminosity-of-love/,cl_phil_political_theology,inst_academy|inst_state,p_postmodern,,,0.55,review,ai,gpt,2026-01-08,
bk_000207,John Zizioulas Collection,,https://sebastianpress.org/metropolitan-john-zizioulas-collection/,cl_phil_political_theology,inst_academy|inst_state,p_postmodern,,,0.55,review,ai,gpt,2026-01-08,
bk_000208,Soul and Psyche as a Surprise,,https://sebastianpress.org/soul-and-psyche-as-a-surprise/,cl_psych_anthro,inst_academy|inst_church,p_postmodern,,,0.55,review,ai,gpt,2026-01-08,
bk_000209,To be or not to be,Steven-John Harris,https://sebastianpress.org/to-be-or-not-to-be-explorations-in-madness-and-faith/,cl_phil_political_theology,inst_academy|inst_state,p_postmodern,,,0.55,review,ai,gpt,2026-01-08,
bk_000210,The Dramatic Journey of Faith,Vasileios Thermos,https://sebastianpress.org/the-dramatic-journey-of-faith/,cl_phil_political_theology,inst_academy|inst_state,p_postmodern,,,0.55,review,ai,gpt,2026-01-08,
bk_000211,"God, Psychology and Faith in Dialogue",Steven-John Harris,https://sebastianpress.org/god-psychology-and-faith-in-dialogue/,cl_psych_anthro,inst_academy|inst_church,p_postmodern,,,0.55,review,ai,gpt,2026-01-08,
bk_000212,The Alliance of Compassion and Integrity,Vasileios Thermos,https://sebastianpress.org/the-alliance-of-compassion-and-integrity/,cl_phil_political_theology,inst_academy|inst_state,p_postmodern,,,0.55,review,ai,gpt,2026-01-08,
bk_000213,Generation ‘68,Kerry Bolton,https://antelopehillpublishing.com/product/generation-68-the-elite-revolution-and-its-legacy/,cl_phil_political_theology,inst_academy|inst_state,p_postmodern,,,0.55,review,ai,gpt,2026-01-08,
bk_000214,The Tyranny of Human Rights,Kerry Bolton,https://antelopehillpublishing.com/product/the-tyranny-of-human-rights-from-jacobinism-to-the-united-nations-by-kerry-bolton/,cl_phil_political_theology,inst_academy|inst_state,p_postmodern,,,0.55,review,ai,gpt,2026-01-08,
bk_000215,Escape from Detroit,Paul Kersey,https://antelopehillpublishing.com/product/escape-from-detroit/,cl_phil_political_theology,inst_academy|inst_state,p_postmodern,,,0.55,review,ai,gpt,2026-01-08,
bk_000216,The Plot Against Humanity,Scott Howard,https://antelopehillpublishing.com/product/plot-against-humanity/,cl_phil_political_theology,inst_academy|inst_state,p_postmodern,,,0.55,review,ai,gpt,2026-01-08,
bk_000217,The Open Society Playbook,Scott Howard,https://antelopehillpublishing.com/product/open-society-playbook/,cl_elites_networks,inst_state|inst_economy|inst_security,p_postmodern,p_industrial|p_coldwar|p_postmodern,,0.65,review,ai,gpt,2026-01-08,
bk_000218,The Transgender-Industrial Complex,Scott Howard,https://antelopehillpublishing.com/product/the-transgender-industrial-complex-by-scott-howard/,cl_phil_political_theology,inst_academy|inst_state,p_postmodern,,,0.55,review,ai,gpt,2026-01-08,
bk_000219,Empire Eternal,Sinclair Jenkins,https://antelopehillpublishing.com/product/empire-eternal-by-sinclair-jenkins/,cl_phil_political_theology,inst_academy|inst_state,p_postmodern,,,0.55,review,ai,gpt,2026-01-08,
bk_000220,The Sword of Christ,Giles Corey,https://antelopehillpublishing.com/product/the-sword-of-christ-by-giles-corey/,cl_phil_political_theology,inst_academy|inst_state,p_postmodern,,,0.55,review,ai,gpt,2026-01-08,
bk_000221,The Culture of Critique,Kevin MacDonald,https://antelopehillpublishing.com/product/the-culture-of-critique-by-dr-kevin-macdonald/,cl_phil_political_theology,inst_academy|inst_state,p_postmodern,,,0.55,review,ai,gpt,2026-01-08,
bk_000222,The Doors of the Sea,David Bentley Hart,https://www.amazon.com/Doors-Sea-Where-Was-Tsunami/dp/0802866867,cl_phil_political_theology,inst_academy|inst_state,p_postmodern,,,0.55,review,ai,gpt,2026-01-08,
bk_000223,Blackshirts and Reds,Michael Perenti,https://www.amazon.com/Blackshirts-Reds-Rational-Overthrow-Communism/dp/0872863298,cl_phil_political_theology,inst_academy|inst_state,p_postmodern,,,0.55,review,ai,gpt,2026-01-08,
bk_000224,State and Revolution,Vladimir Lenin,https://www.amazon.com/State-Revolution-Vladimir-Ilich-Lenin/dp/1614271925,cl_evolution_design,inst_academy,p_postmodern,,,0.65,review,ai,gpt,2026-01-08,
bk_000225,Continental Philosophy,William McNeil,https://www.amazon.com/Continental-Philosophy-Anthology-William-McNeill/dp/1557865612/ref=sr_1_3?ie=UTF8&qid=1526307178&sr=8-3,cl_phil_political_theology,inst_academy|inst_state,p_postmodern,,,0.55,review,ai,gpt,2026-01-08,
bk_000226,God Without Being,Jean-Luc Marion,https://www.amazon.com/God-Without-Being-Hors-Texte-Postmodernism/dp/0226505650,cl_phil_political_theology,inst_academy|inst_state,p_postmodern,,,0.55,review,ai,gpt,2026-01-08,
bk_000227,Christ and Time,Oscar Cullmann,https://www.amazon.com/Christ-Time-3rd-Oscar-Cullmann/dp/1532657013,cl_phil_political_theology,inst_academy|inst_state,p_postmodern,,,0.55,review,ai,gpt,2026-01-08,
bk_000228,Imperial Unity and Christian Divisions,John Meyendorff,https://www.amazon.com/Imperial-Unity-Christian-Divisions-D/dp/0881410551,cl_phil_political_theology,inst_academy|inst_state,p_postmodern,,,0.55,review,ai,gpt,2026-01-08,
bk_000229,: The Byzantine Legacy in the Orthodox Church,John Meyendoff,https://www.amazon.com/Byzantine-Legacy-Orthodox-Church/dp/0913836907?ref_=ast_author_dp_rw&th=1&psc=1&dib=eyJ2IjoiMSJ9.3AQ3Hh1knxAdxmCrae6R_gXd_j3AHUEXL85OuIoOtWHT_9PIOF918qGkzXxuXcbYaWC0KedEccwFqnf9q38El3wIJOachpq-2vJ4yGzo-Qd7ljOCzdANW6Avq6BKHZ_QEZXKLSOznv5LypCK9gk1oeOXb29aIowIIjlgqwwNxIy-mYH57SkBeAlurbcIHqVEm1G1EQHOJzpvYQR50Tn9Y5sUVRxwAHshyDAiCgJ3U9g._6De5_rZJihSYhuUjBgOg0oCJE5Xhk111tHy8xkoD2E&dib_tag=AUTHOR,cl_phil_political_theology,inst_academy|inst_state,p_byzantine,,,0.55,review,ai,gpt,2026-01-08,
bk_000230,"Rome, Constantinople, Moscow",John Meyendorff,https://www.amazon.com/Rome-Constantinople-Moscow-Historical-Theological/dp/0881411345?ref_=ast_author_dp_rw&th=1&psc=1&dib=eyJ2IjoiMSJ9.3AQ3Hh1knxAdxmCrae6R_gXd_j3AHUEXL85OuIoOtWHT_9PIOF918qGkzXxuXcbYaWC0KedEccwFqnf9q38El3wIJOachpq-2vJ4yGzo-Qd7ljOCzdANW6Avq6BKHZ_QEZXKLSOznv5LypCK9gk1oeOXb29aIowIIjlgqwwNxIy-mYH57SkBeAlurbcIHqVEm1G1EQHOJzpvYQR50Tn9Y5sUVRxwAHshyDAiCgJ3U9g._6De5_rZJihSYhuUjBgOg0oCJE5Xhk111tHy8xkoD2E&dib_tag=AUTHOR,cl_church_history_schism,inst_church|inst_academy,p_postmodern,p_byzantine|p_early_modern,,0.55,review,ai,gpt,2026-01-08,
bk_000231,Byzantium and the Rise of Russia,John Meyendorff,https://www.amazon.com/Byzantium-Rise-Russia-Byzantino-Russian-fourteenth/dp/0521135338/ref=tmm_pap_swatch_0?_encoding=UTF8&dib_tag=se&dib=eyJ2IjoiMSJ9.56XiRTiIhkHO0riVhdlHmAKakx-VqQOkWW5VmY2USyKUVyTBplWYhPo5-06bjLoBeOOPUNXyfZproEKUzHt_RTQt0dwRGAWAs9jZhIC821EZCvXFp9-IxG1cgfcD7iFUMuVPtBvAhi4jkya1UUqQcGZZ_aUIh5r6tlMVrQ9bRlqXHZ4Sxwm3xaUh-q85iACZSEph9MIDyCHVrlJ3tQXVS1RdZvgfw7xghIhtl4FaULY.4FBOsMrQxseLc5yme4myvNjUxwWzDPIJZVfYQQvY4EY&qid=1767743462&sr=1-21,cl_phil_political_theology,inst_academy|inst_state,p_byzantine,,,0.55,review,ai,gpt,2026-01-08,
bk_000232,The Place of Blessed Augustine,Seraphim Rose,https://www.amazon.com/Blessed-Augustine-Orthodox-Church-Theological/dp/0938635123,cl_phil_political_theology,inst_academy|inst_state,p_postmodern,,,0.55,review,ai,gpt,2026-01-08,
bk_000233,The New Science of Politics,Eric Voegelin,https://www.amazon.com/New-Science-Politics-Introduction-Foundation/dp/0226861147,cl_phil_political_theology,inst_academy|inst_state,p_postmodern,,,0.55,review,ai,gpt,2026-01-08,
bk_000234,Time and Man,Georgios Mantzarides,https://www.amazon.com/Time-Man-Georgios-I-Mantzarides/dp/1878997548/ref=sr_1_4?dib=eyJ2IjoiMSJ9.fOzZJw_ciH5PVhYrKIsmL0JF6NwN3hfn5e-JCkoM3bDGjHj071QN20LucGBJIEps.CdNN8_SMn9smHXd2hDUWjCl4JDObo8f0-1qhrUEY2L0&dib_tag=se&qid=1767747443&refinements=p_27%3AGe%C5%8Drgios+I.+Mantzarid%C4%93s&s=books&sr=1-4,cl_phil_political_theology,inst_academy|inst_state,p_postmodern,,,0.55,review,ai,gpt,2026-01-08,
bk_000235,Saint Silouan the Athonite,,https://svspress.com/saint-silouan-the-athonite-new-edition/,cl_phil_political_theology,inst_academy|inst_state,p_postmodern,,,0.55,review,ai,gpt,2026-01-08,
bk_000236,The Apocalypse,Averky Taushev,https://www.amazon.com/Apocalypse-Teachings-Ancient-Christianity/dp/0938635670,cl_phil_political_theology,inst_academy|inst_state,p_postmodern,,,0.55,review,ai,gpt,2026-01-08,
bk_000237,The Ultimate Building Project,Paul Karos,https://svspress.com/the-ultimate-building-project-the-human-person/,cl_phil_political_theology,inst_academy|inst_state,p_postmodern,,,0.55,review,ai,gpt,2026-01-08,
bk_000238,Into The Light,,https://svspress.com/into-the-light-classical-education-and-orthodox-christianity/,cl_phil_political_theology,inst_academy|inst_state,p_postmodern,,,0.55,review,ai,gpt,2026-01-08,
bk_000239,The Christian East and the Rise of the Papacy,Aristeides Papadakis,https://www.amazon.com/Christian-East-Rise-Papacy-1071-1453/dp/0881410578,cl_church_history_schism,inst_church|inst_academy,p_postmodern,p_byzantine|p_early_modern,,0.55,review,ai,gpt,2026-01-08,
bk_000240,Law and Revolution,Berman,https://www.amazon.com/Law-Revolution-Formation-Western-Tradition/dp/0674517768,cl_evolution_design,inst_academy,p_postmodern,,,0.65,review,ai,gpt,2026-01-08,
bk_000241,"Law and Revolution, II",Berman,https://www.amazon.com/dp/0674022300/ref=mes-dp?_encoding=UTF8&pd_rd_w=m6mAO&content-id=amzn1.sym.476b1b7d-c787-4147-8a3c-fdef209103a1&pf_rd_p=476b1b7d-c787-4147-8a3c-fdef209103a1&pf_rd_r=YGAYXCTKRRK33MDX613P&pd_rd_wg=5IQmI&pd_rd_r=e0e89ef1-4544-4210-a3df-c9c0d3fe415e,cl_evolution_design,inst_academy,p_postmodern,,,0.65,review,ai,gpt,2026-01-08,
bk_000242,"Faith and Order, The Reconciliation of Law and Religion",Berman,https://www.amazon.com/Faith-Order-Reconciliation-Religion-University/dp/0802848524/ref=tmm_pap_swatch_0?_encoding=UTF8&dib_tag=AUTHOR&dib=eyJ2IjoiMSJ9.CVGkeqcQxnaOvyArqF57DpTUYqzaWu_fB1pKZ-DIFgt-Aacg_MiVhWtmfdQobIDvBu2tgumRsyW-WE71gaYo1O5Bfm8OWOkPDTrrlf-oCeDrKMAQvUwdFa6cEUOF74mC.ZvntmTvUizPALKODr58SrplMecsU00mXxdyDZct0Ibc,cl_literature_modern,inst_culture,p_postmodern,,,0.65,review,ai,gpt,2026-01-08,
bk_000243,The Historical Road of Eastern Orthodoxy,Alexander Schmemann,https://www.amazon.com/Historical-Road-Eastern-Orthodoxy/dp/0913836478,cl_phil_political_theology,inst_academy|inst_state,p_postmodern,,,0.55,review,ai,gpt,2026-01-08,
bk_000244,The Jewish Revolutionary Spirit,E. Michael Jones,https://www.thriftbooks.com/w/the-jewish-revolutionary-spirit-and-its-impact-on-world-history_e-michael-jones/8831561/?srsltid=AfmBOooudlznePAg5qs9Km9pQ72R8dwV8OlyT5k5TJvM2BF4g1ZMRDAV#edition=8093285,cl_evolution_design,inst_academy,p_postmodern,,,0.65,review,ai,gpt,2026-01-08,
bk_000245,Christianity or the Church?,Illarion,https://holytrinitypublications.com/product/christianity-or-the-church/,cl_phil_political_theology,inst_academy|inst_state,p_postmodern,,,0.55,review,ai,gpt,2026-01-08,
bk_000246,A Study of History,Arnold Toynbee,https://www.amazon.com/Study-History-Arnold-J-Toynbee/dp/B001NIK25G,cl_phil_political_theology,inst_academy|inst_state,p_postmodern,,,0.55,review,ai,gpt,2026-01-08,
bk_000247,Fr Seraphim Rose,Damasceme,https://www.amazon.com/Father-Seraphim-Rose-Hieromonk-Damascene/dp/B011DCFYYA/ref=tmm_pap_swatch_0,cl_phil_political_theology,inst_academy|inst_state,p_postmodern,,,0.55,review,ai,gpt,2026-01-08,
bk_000248,Christ the Eternal Tao,Damascene,https://www.amazon.com/Christ-Eternal-Tao-Hieromonk-Damascene/dp/1887904239?ref_=ast_author_dp&th=1&psc=1,cl_phil_political_theology,inst_academy|inst_state,p_postmodern,,,0.55,review,ai,gpt,2026-01-08,
bk_000249,Secret Socieites and Subversive Movements,Nesta Webster,https://www.amazon.com/Secret-Societies-Subversive-Movements-Webster/dp/1881316882,cl_phil_political_theology,inst_academy|inst_state,p_postmodern,,,0.55,review,ai,gpt,2026-01-08,
bk_000250,World Revolution,Nesta Webster,https://www.amazon.com/World-Revolution-Plot-Against-Civilization/dp/0851724256,cl_evolution_design,inst_academy,p_postmodern,,,0.65,review,ai,gpt,2026-01-08,
bk_000251,The French Revolution,Nesta Webster,https://www.amazon.com/French-Revolution-Nesta-Webster/dp/1910220221,cl_evolution_design,inst_academy,p_postmodern,,,0.65,review,ai,gpt,2026-01-08,
bk_000252,The Black Book of Communism,Jean-Louis Panne,https://www.amazon.com/Black-Book-Communism-Crimes-Repression/dp/0674076087,cl_phil_political_theology,inst_academy|inst_state,p_postmodern,,,0.55,review,ai,gpt,2026-01-08,
bk_000253,Spiritual Councils,St. Paisos,https://www.amazon.com/Spiritual-Counsels-Pain-Love-Contemporary/dp/B002Z34CQ8,cl_patristics_dogma,inst_church|inst_academy,p_patristic,p_patristic,,0.55,review,ai,gpt,2026-01-08,
bk_000254,Sexual Personae,Camille Pagila,https://www.amazon.com/Sexual-Personae-Decadence-Nefertiti-Dickinson/dp/0679735798,cl_science_faith,inst_academy|inst_tech,p_postmodern,,,0.55,review,ai,gpt,2026-01-08,
bk_000255,Aspects of Masculine (and Feminine),Jung,https://www.amazon.com/Aspects-Masculine-C-G-Jung/dp/0691018847,cl_phil_political_theology,inst_academy|inst_state,p_postmodern,,,0.55,review,ai,gpt,2026-01-08,
